,count
windscherm,51
bagagedrager,50
bobike,44
niet,34
fiets,33
kussen,27
mini,21
yepp,18
voetsteunen,17
past,16
comfortabel,15
geschikt,15
kleur,15
fietsen,15
wordt,14
montage,14
wanneer,14
eenvoudig,13
rugsteun,13
slaaprol,13
one,12
gebruikt,12
adapter,12
specificaties,12
urban,12
monteren,12
rugleuning,12
elke,12
extra,11
bevestigen,11
achterop,11
geen,11
materiaal,11
fietskussen,10
makkelijk,10
stuurtje,10
iki,10
afmeting,10
inclusief,9
set,9
zitten,9
passen,9
ohmiomine,9
design,9
zorgt,9
nodig,9
wel,9
staal,9
tegen,9
hydro,9
gemonteerd,9
ruimte,9
drive,9
gordel,8
merk,8
scooter,8
ruit,8
zacht,8
hard,8
opzetstuk,8
opzetdrager,8
direct,8
bijna,8
voorzien,8
combinatie,8
sterk,7
slagvast,7
zwart,7
waardoor,7
dus,7
maakt,7
verwijderen,7
waterafstotende,7
universeel,7
jouw,7
mee,7
slijtvast,7
wind,7
oplossing,7
tevens,7
accu,7
kunt,7
achter,6
elektrische,6
steunen,6
beschermer,6
breed,6
riempjes,6
bakfiets,6
bevestiging,6
altijd,6
geanodiseerd,6
universele,6
product,6
volledig,6
bevestigt,6
vast,6
comfortabele,5
kind,5
sportieve,5
hier,5
bagage,5
gmg,5
bagagedragerkussen,5
zitjes,5
biedt,5
dik,5
meegeleverde,5
alleen,5
polyester,5
bak,5
andere,5
kindje,5
zodat,5
gemakkelijk,5
meer,5
comfort,5
afneembaar,5
atb,5
head,5
perfect,5
fietszitje,5
handomdraai,5
dankzij,5
ideale,5
zwartmateriaal,5
licht,4
vrijwel,4
kinderen,4
weer,4
waterafstotend,4
model,4
tour,4
minder,4
nog,4
kinderzitjes,4
standaard,4
lijm,4
water,4
verkrijgbaar,4
doen,4
zonder,4
bevestigd,4
oppervlak,4
veiligheid,4
geleverd,4
zeer,4
ingeklapt,4
weg,4
bevestigingsstuk,4
houdt,4
beschermd,4
motor,4
rubberen,4
montagebeugel,4
eenvoudige,4
mtb,4
oxidelaag,4
dikte,4
transparant,4
tussen,4
brommer,4
let,4
montagekader,4
rug,4
grip,4
kinderzitje,4
kleuraccent,4
opvallende,4
folie,4
voortaan,3
prijs,3
maxi,3
monteer,3
zoals,3
geboord,3
voetrusten,3
per,3
dragen,3
huid,3
mooi,3
spiegel,3
druk,3
uit,3
duurzaam,3
eigenschappen,3
regen,3
goede,3
hierbij,3
inhoud,3
aanwezig,3
gewicht,3
verstellen,3
kleuren,3
scherm,3
hoge,3
eventuele,3
opklapbare,3
insecten,3
boren,3
vaak,3
zowel,3
vervoeren,3
manier,3
gezeten,3
lekker,3
gebruiken,3
accessoire,3
buizen,3
bagagedragers,3
zitje,3
pluspunten,3
bikes,3
grippen,3
bevestig,3
kleintje,3
naar,3
fietsstoeltje,3
achtervorktype,3
voetsteunende,3
snel,3
billen,3
kenmerken,3
ideaal,3
stevige,3
velcro,3
maak,3
look,3
canvas,3
kussentje,3
klitteband,3
verstelbaar,3
aangenamer,3
lang,3
steco,3
plaats,3
naast,3
bestaande,3
zich,3
rit,3
lxbxh,3
wraps,3
tie,3
iedere,3
heen,3
teenslippers,3
